customer_id,customer_name,city,signup_date
1,Aarav Shah,Mumbai,2025-01-04
2,Diya Patel,Ahmedabad,2025-03-23
3,Rohan Mehta,Pune,2025-12-24
4,Ananya Joshi,Bengaluru,2025-08-05
5,Vivaan Desai,Bengaluru,2025-06-24
6,Isha Shah,Delhi,2025-05-23
7,Aditya Patel,Mumbai,2025-03-21
8,Meera Mehta,Mumbai,2025-04-21
9,Arjun Desai,Jaipur,2025-06-22
10,Kiara Joshi,Ahmedabad,2025-02-22
11,Kabir Shah,Ahmedabad,2025-02-17
12,Riya Patel,Mumbai,2025-07-14
13,Dev Mehta,Bengaluru,2025-02-19
14,Sara Desai,Bengaluru,2025-07-03
15,Neil Joshi,Ahmedabad,2025-06-26
16,Tara Shah,Bengaluru,2025-11-06
17,Yash Patel,Jaipur,2025-05-16
18,Nisha Mehta,Bengaluru,2025-01-23
19,Raj Desai,Surat,2025-08-24
20,Aanya Joshi,Pune,2025-10-02
