order_id,customer_id,product_id,order_date,quantity
1001,4,113,2025-02-10,3
1002,20,112,2025-10-23,2
1003,3,102,2025-12-05,2
1004,10,103,2025-04-30,1
1005,13,109,2025-08-21,3
1006,6,112,2025-07-01,2
1007,9,123,2025-12-16,1
1008,20,121,2025-03-29,2
1009,6,115,2025-07-14,3
1010,18,108,2025-12-17,3
1011,2,108,2025-01-17,3
1012,13,109,2025-02-03,2
1013,19,123,2025-06-11,2
1014,16,113,2025-11-26,4
1015,5,109,2025-03-13,2
1016,18,118,2025-05-15,4
1017,19,113,2025-07-05,2
1018,5,117,2025-09-10,1
1019,2,104,2025-03-20,2
1020,14,120,2025-02-02,4
1021,13,120,2025-08-28,3
1022,18,101,2025-12-15,1
1023,18,125,2025-05-17,3
1024,4,110,2025-08-11,2
1025,15,101,2025-05-15,2
1026,17,104,2025-11-17,3
1027,17,120,2025-04-12,2
1028,12,125,2025-03-24,1
1029,20,111,2025-09-08,1
1030,4,112,2025-06-07,2
1031,2,108,2025-10-18,1
1032,3,124,2025-09-06,1
1033,18,125,2025-03-06,2
1034,16,118,2025-03-26,3
1035,17,120,2025-08-05,2
1036,18,125,2025-12-20,2
1037,10,113,2025-12-10,3
1038,15,117,2025-08-20,1
1039,8,108,2025-02-02,3
1040,1,119,2025-10-11,2
1041,19,108,2025-01-04,1
1042,2,108,2025-02-04,1
1043,11,103,2025-09-21,2
1044,9,122,2025-09-06,2
1045,18,105,2025-10-20,4
1046,8,116,2025-07-28,2
1047,4,104,2025-12-04,4
1048,12,114,2025-07-30,4
1049,2,122,2025-12-01,1
1050,2,113,2025-06-23,1
1051,8,107,2025-04-08,4
1052,5,114,2025-04-04,3
1053,15,108,2025-02-08,4
1054,18,104,2025-01-26,1
1055,3,125,2025-05-02,2
1056,14,116,2025-09-04,2
1057,13,102,2025-03-26,4
1058,1,113,2025-05-16,4
1059,10,114,2025-12-23,4
1060,5,107,2025-06-01,2
1061,2,119,2025-10-05,1
1062,11,102,2025-01-26,4
1063,17,117,2025-03-22,1
1064,17,103,2025-04-06,1
1065,20,103,2025-12-12,2
1066,13,104,2025-10-19,2
1067,19,120,2025-01-21,1
1068,14,122,2025-10-26,3
1069,9,107,2025-12-09,3
1070,8,109,2025-07-22,2
1071,10,115,2025-06-11,1
1072,1,115,2025-11-15,1
1073,3,118,2025-04-20,3
1074,5,112,2025-02-05,2
1075,12,110,2025-03-22,4
1076,18,123,2025-06-04,1
1077,18,110,2025-12-06,1
1078,5,109,2025-03-01,1
1079,18,105,2025-05-20,3
1080,20,107,2025-06-25,2
1081,9,117,2025-09-08,3
1082,2,103,2025-11-21,4
1083,9,102,2025-01-02,3
1084,5,121,2025-05-15,2
1085,15,118,2025-12-28,4
1086,18,101,2025-02-27,1
1087,5,118,2025-01-19,3
1088,19,118,2025-03-17,4
1089,5,102,2025-06-07,3
1090,2,112,2025-04-18,2
1091,4,112,2025-10-14,4
1092,20,124,2025-03-21,2
1093,6,106,2025-07-31,1
1094,6,124,2025-06-20,4
1095,8,109,2025-03-23,1
1096,13,102,2025-08-29,2
1097,7,115,2025-06-29,3
1098,8,108,2025-01-13,2
1099,13,111,2025-05-23,1
1100,9,112,2025-11-25,4
1101,18,111,2025-01-15,1
1102,9,106,2025-10-25,3
1103,2,104,2025-11-02,4
1104,12,124,2025-06-10,4
1105,20,117,2025-03-01,4
1106,19,107,2025-05-11,1
1107,14,101,2025-09-24,2
1108,12,114,2025-02-05,3
1109,20,111,2025-12-06,1
1110,10,117,2025-06-08,4
1111,11,113,2025-12-23,3
1112,18,105,2025-04-09,4
1113,13,122,2025-03-31,3
1114,13,118,2025-01-01,3
1115,10,107,2025-08-09,3
1116,15,115,2025-08-15,2
1117,17,116,2025-03-28,1
1118,10,117,2025-12-06,3
1119,3,125,2025-05-01,3
1120,8,107,2025-03-17,1
1121,2,108,2025-09-01,1
1122,15,114,2025-11-19,2
1123,13,116,2025-07-24,2
1124,5,121,2025-12-19,1
1125,4,125,2025-08-06,2
1126,6,123,2025-09-23,4
1127,2,118,2025-05-08,1
1128,15,105,2025-08-26,3
1129,15,120,2025-09-16,4
1130,18,115,2025-03-23,4
1131,15,109,2025-05-07,3
1132,17,116,2025-11-17,2
1133,9,115,2025-02-09,3
1134,8,109,2025-06-21,3
1135,18,103,2025-03-12,2
1136,8,113,2025-12-22,2
1137,7,103,2025-08-01,4
1138,11,118,2025-08-27,4
1139,2,107,2025-08-04,4
1140,19,123,2025-01-11,4
1141,16,101,2025-06-30,3
1142,13,114,2025-10-03,2
1143,16,108,2025-05-20,4
1144,16,101,2025-07-19,3
1145,13,124,2025-03-26,4
1146,5,120,2025-10-01,1
1147,13,119,2025-10-16,1
1148,3,121,2025-08-08,2
1149,15,106,2025-01-26,3
1150,13,111,2025-04-19,4
